RPPA,delta_BIC,mixture_coef_low,min_tissue_entropy,annot,gene_symbol
CKIT,1189.34528040334,0.825228240100969,2.76060295685211,bimodal_high-entropy_rare-up,KIT
TTF1,1068.73684986521,0.902793920593588,0.479832023616128,bimodal_low-entropy,TTF1
ERALPHA,952.167927164297,0.90694367311207,1.51249592884932,bimodal_high-entropy_rare-up,ESR1
CMET_pY1235,806.517959071247,0.872568974928803,2.74626143709595,bimodal_high-entropy_rare-up,MET
EGFR_pY1173,788.939148112995,0.934757431360471,0.391243563629256,bimodal_low-entropy,EGFR
UGT1A,708.489769270727,0.779598265458423,3.06466301001292,bimodal_high-entropy_rare-up,UGT1A1
AR,614.897275159095,0.693882491226759,3.18351451120541,bimodal_high-entropy_common,AR
CLAUDIN7,593.279326331322,0.509911613360148,3.12828078203919,bimodal_high-entropy_common,CLDN7
PAI1,545.280384668557,0.519580989788207,3.22038690707925,bimodal_high-entropy_common,SERPINE1
GATA3,535.595371549175,0.873883629727193,1.57395374360548,bimodal_high-entropy_rare-up,GATA3
MYOSIN11,504.381324081082,0.972177934873521,0.91829583405449,bimodal_low-entropy,MYH11
ECADHERIN,489.265967206248,0.559706065347686,3.00900311193948,bimodal_high-entropy_common,CDH1
IGF1R_pY1135Y1136,487.723430723345,0.93049381696576,0.91829583405449,bimodal_low-entropy,IGF1R
HEREGULIN,474.854043540801,0.648399912303395,2.98919847680093,bimodal_high-entropy_common,NRG1
CMET,440.061555743128,0.925492472098117,3.07781953111478,bimodal_high-entropy_rare-up,MET
PREX1,415.366448471358,0.73760337867348,3.11504642372554,bimodal_high-entropy_common,PREX1
COX2,408.833015640897,0.797894286887552,3.00262040747207,bimodal_high-entropy_rare-up,PTGS2
TRANSGLUTAMINASE,405.1536234258,0.492024692939093,3.1339636044806,bimodal_high-entropy_common,TGM1
RAB25,395.123742898601,0.654078233778574,2.89847264498734,bimodal_high-entropy_common,RAB25
PTEN,366.572186452305,0.128230503897772,3.25140822743718,bimodal_high-entropy_rare-down,PTEN
LCK,366.377140481031,0.861466503360031,1.37525806866965,bimodal_low-entropy,LCK
PDGFRB,355.6487775143,0.712446064050747,3.15687384945852,bimodal_high-entropy_common,PDGFRB
BCL2,343.108339450946,0.71708663011181,2.68676446429083,bimodal_high-entropy_common,BCL2
MEK1_pS217S221,337.710972216128,0.788136538605142,2.97295944149745,bimodal_high-entropy_rare-up,MAP2K1
IGFBP2,330.537038304959,0.452271964620055,3.23638673358296,bimodal_high-entropy_common,IGFBP2
P27_pT198,324.468677691986,0.897163292335268,1.61170223254235,bimodal_high-entropy_rare-up,CDKN1B
CHK2_pT68,309.836659800254,0.936332465580745,2.45914791702724,bimodal_high-entropy_rare-up,CHEK2
CASPASE7CLEAVEDD198,301.703799956653,0.871378648405874,1.85704469462942,bimodal_high-entropy_rare-up,CASP7
SYK,292.269113864635,0.328296582306659,3.19896282886409,bimodal_high-entropy_common,SYK
CYCLIND1,288.074540613541,0.795586304134835,3.02478499876188,bimodal_high-entropy_rare-up,CCND1
SNAIL,281.13232686679,0.723033625804288,3.42778792723612,bimodal_high-entropy_common,SNAI1
G6PD,279.128220310934,0.649491400151444,3.05590792250855,bimodal_high-entropy_common,G6PD
JNK_pT183PY185,270.371582980018,0.851353200098423,2.56704021692658,bimodal_high-entropy_rare-up,MAPK8
SMAD3,263.680871392855,0.995907230559345,0,bimodal_low-entropy,SMAD3
CAVEOLIN1,258.844560260209,0.399156563494157,2.83546892064275,bimodal_high-entropy_common,CAV1
TIGAR,255.548728307852,0.894100404324607,2.90825946970164,bimodal_high-entropy_rare-up,TIGAR
YAP_pS127,253.100880915883,0.179584501332191,1.02612747279984,bimodal_low-entropy,YAP1
HER2,249.086231821712,0.954164427781499,1.45677964944704,bimodal_low-entropy,ERBB2
TUBERIN,242.898918951228,0.0601506559867103,2.1493974703477,bimodal_high-entropy_rare-down,TSC2
P27,235.710814163314,0.807508302004352,2.38322846608963,bimodal_high-entropy_rare-up,CDKN1B
HER2_pY1248,229.57758835496,0.896915739405441,1.420376403083,bimodal_low-entropy,ERBB2
ERALPHA_pS118,222.801406860847,0.979799830606743,0.650022421648354,bimodal_low-entropy,ESR1
BETACATENIN,217.244108024976,0.226802732743183,2.02199578745823,bimodal_high-entropy_rare-down,CTNNB1
TWIST,213.501226900612,0.931332587497706,2.35274578087187,bimodal_high-entropy_rare-up,TWIST1
NOTCH3,211.560815151809,0.65048654374175,2.67703512111235,bimodal_high-entropy_common,NOTCH3
AKT_pT308,196.124408312282,0.514178904296617,3.26801366390951,bimodal_high-entropy_common,AKT1
PEA15_pS116,185.820993478125,0.549450320816567,2.52309781809286,bimodal_high-entropy_common,PEA15
P70S6K,184.008878467697,0.987027262245558,0,bimodal_low-entropy,RPS6KB1
P53,183.598422793517,0.416542911984428,3.35143768322864,bimodal_high-entropy_common,TP53
BAK,180.104885665414,0.976323455664265,0.991076059838222,bimodal_low-entropy,BAK1
EGFR,180.083178534851,0.264040268358671,2.34563847253647,bimodal_high-entropy_common,EGFR
E2F1,177.0254196925,0.989281840435046,0,bimodal_low-entropy,E2F1
JAB1,176.644287090938,0.325109107488896,3.30803065947405,bimodal_high-entropy_common,COPS5
MIG6,174.31192215706,0.616581907167345,3.10286500961404,bimodal_high-entropy_common,ERRFI1
DIRAS3,172.602512155046,0.818738711997334,2.55503653257727,bimodal_high-entropy_rare-up,DIRAS3
PARPCLEAVED,170.118047293449,0.838856881367685,2.43465707374706,bimodal_high-entropy_rare-up,PARP1
TFRC,168.416941594002,0.154943271858368,3.07059811909008,bimodal_high-entropy_rare-down,NA
FOXO3A,168.117487603506,0.965117191583871,0.811278124459133,bimodal_low-entropy,FOXO3
RAD50,144.332364169768,0.847175904510002,2.65310716836281,bimodal_high-entropy_rare-up,RAD50
SCD,142.948546995354,0.816601451209203,2.94801911626728,bimodal_high-entropy_rare-up,SCD
SRC_pY416,142.72570774366,0.770736203982949,2.16794068183263,bimodal_high-entropy_rare-up,SRC
STATHMIN,141.701025002129,0.811956263676799,2.41455931638604,bimodal_high-entropy_rare-up,STMN1
CK5,135.694633064331,0.729579410794914,0.91829583405449,bimodal_low-entropy,KRT5
PDCD1L1,131.09406803532,0.736159075940787,3.34359782984884,bimodal_high-entropy_common,CD274
BIM,129.568195940489,0.815677671617465,1.70429137856623,bimodal_high-entropy_rare-up,BCL2L11
FIBRONECTIN,127.909058803586,0.54131207982322,3.26087617658622,bimodal_high-entropy_common,FN1
RICTOR_pT1135,127.106294767175,0.47356065253753,2.82968965125589,bimodal_high-entropy_common,RICTOR
CIAP,124.279595424309,0.955228588598201,0,bimodal_low-entropy,BIRC2
PCNA,123.033574186884,0.690540315379588,2.4027631099565,bimodal_high-entropy_common,PCNA
STAT5ALPHA,121.840349295117,0.602874085368607,3.26217855548083,bimodal_high-entropy_common,STAT5A
BCATENIN_pT41S45,118.443900248153,0.951348386671681,2.58496250072116,bimodal_high-entropy_rare-up,CTNNB1
SYNAPTOPHYSIN,118.386183672492,0.708015115977011,0.566509506552905,bimodal_low-entropy,SYP
NCADHERIN,118.024081738308,0.3939492508346,3.08646429049132,bimodal_high-entropy_common,CDH2
LCN2A,116.248565635842,0.472850879983957,0.980555837102599,bimodal_low-entropy,LCN2
STAT3_pY705,113.83713509203,0.80377230916567,2.44602143851991,bimodal_high-entropy_rare-up,STAT3
SETD2,113.318581976366,0.958403047844072,2.59490661824394,bimodal_high-entropy_rare-up,SETD2
RBM15,113.155147067449,0.0809827016202197,1.47684212090551,bimodal_low-entropy,RBM15
COLLAGENVI,111.795873026269,0.385453921334971,2.97346354192835,bimodal_high-entropy_common,COL6A1
ANNEXIN1,107.821313980517,0.249456998367933,2.12352490126398,bimodal_high-entropy_rare-down,ANXA1
CD31,106.894277695683,0.6435159248273,3.28082334235025,bimodal_high-entropy_common,PECAM1
PDK1,106.347063113385,0.332365298492349,2.91210047309707,bimodal_high-entropy_common,PDPK1
X1433BETA,105.58030277859,0.793527313428864,3.20674756296081,bimodal_high-entropy_rare-up,YWHAB
EIF4E,105.556249064315,0.779017753872835,2.45761106970656,bimodal_high-entropy_rare-up,EIF4E
PEA15,104.949745851129,0.920422614206851,1.81127812445913,bimodal_high-entropy_rare-up,PEA15
PR,103.693955119214,0.904339728239846,2.06265634803727,bimodal_high-entropy_rare-up,PGR
MSH2,102.92352230454,0.106254240242723,2.18670434591002,bimodal_high-entropy_rare-down,MSH2
EGFR_pY1068,101.656857968235,0.851335952442245,2.49564728928452,bimodal_high-entropy_rare-up,EGFR
FLT3FLK2,100.499748318452,0.752535235572425,2.90036375605285,bimodal_high-entropy_rare-up,FLT3
CAVEOLIN2,99.9940761731946,0.816492548161792,0.66657835799492,bimodal_low-entropy,CAV2
GPBB,99.3010450085039,0.777924284907905,3.13624341298306,bimodal_high-entropy_rare-up,PYGM
X1433EPSILON,98.3670087494779,0.891549785963294,2.29546567918029,bimodal_high-entropy_rare-up,YWHAE
CD26,96.8364638536446,0.73854524381069,2.34029315063772,bimodal_high-entropy_common,DPP4
HSP70,94.624191882043,0.755445464446658,2.54603278584295,bimodal_high-entropy_rare-up,HSPA1A
AKT_pS473,94.4550766341849,0.364195524850451,3.02007848528246,bimodal_high-entropy_common,AKT1
MTOR,92.0571970533449,0.0830784987972744,2.26380917388355,bimodal_high-entropy_rare-down,MTOR
MEK1,90.9809876082195,0.162311746353506,2.64305231665777,bimodal_high-entropy_rare-down,MAP2K1
P70S6K_pT389,89.2118337541713,0.406734349662415,3.16649394733223,bimodal_high-entropy_common,RPS6KB1
CD49B,87.9710627999639,0.352152125613875,2.88442174432155,bimodal_high-entropy_common,ITGA2
PAXILLIN,85.8235371305454,0.181861419391926,1.47576287317718,bimodal_low-entropy,PXN
P16INK4A,85.5269194165203,0.523782690937763,3.32902657084186,bimodal_high-entropy_common,CDKN2A
MYOSINIIA_pS1943,85.1465311659363,0.102865565171457,2.64160416786859,bimodal_high-entropy_rare-down,MYH9
EIF4G,85.0081689753207,0.143696393855064,2.6475921473085,bimodal_high-entropy_rare-down,EIF4G1
PDCD1,83.977949709837,0.753401266742881,1.13251659859406,bimodal_low-entropy,CD274
EEF2,82.6133993129386,0.709930568488679,2.95141273306875,bimodal_high-entropy_common,EEF2
NF2,78.6415915720215,0.110514997069864,2.82188819552618,bimodal_high-entropy_rare-down,NF2
CYCLINE1,77.9077479010311,0.864180793509708,2.92130288176529,bimodal_high-entropy_rare-up,CCNE1
BAP1,77.3436267265977,0.0335166498707842,1,bimodal_low-entropy,BAP1
P38,77.2930363102343,0.930462371871075,1.79248125036058,bimodal_high-entropy_rare-up,MAPK14
NDRG1_pT346,74.653544556382,0.666745758673593,3.34493045318069,bimodal_high-entropy_common,NDRG1
MAPK_pT202Y204,73.3991767191937,0.555381904880516,3.24076051555939,bimodal_high-entropy_common,MAPK1
AXL,72.613829043781,0.419911996674275,1.9272839235058,bimodal_high-entropy_common,AXL
CRAF_pS338,70.1720848864513,0.618694138445577,2.56036033379845,bimodal_high-entropy_common,RAF1
YAP,68.5163065486032,0.958703738550621,1,bimodal_low-entropy,YAP1
EPPK1,66.3858982122333,0.349497985835998,1.68113561757767,bimodal_high-entropy_common,EPPK1
PI3KP85,66.1692724080374,0.603911229607453,3.30681370677711,bimodal_high-entropy_common,PIK3R1
FAK,65.8958741964535,0.241845655253524,0.631171805392906,bimodal_low-entropy,PTK2
JAGGED1,64.3798079245674,0.530205971555311,3.10241145744361,bimodal_high-entropy_common,JAG1
DUSP4,64.0885511440952,0.542501018756086,2.00941612482371,bimodal_high-entropy_common,DUSP4
S6_pS235S236,63.2947369697604,0.435338574535508,3.27381688102408,bimodal_high-entropy_common,RPS6KB1
DJ1,59.8099641915833,0.022072495959472,1,bimodal_low-entropy,PARK7
CJUN_pS73,59.6020949659323,0.53518177179675,3.27933367825683,bimodal_high-entropy_common,JUN
UQCRC2,58.97961916975,0.809071306654959,2.90005169899954,bimodal_high-entropy_rare-up,UQCRC2
PKCDELTA_pS664,58.2561537750666,0.599545425106246,3.18123652328197,bimodal_high-entropy_common,PRKCD
SMAD1,57.8252296502102,0.865024558541446,1.53049305675748,bimodal_high-entropy_rare-up,SMAD1
GSK3ALPHABETA,56.8233262277787,0.731488962813935,2.90728440253964,bimodal_high-entropy_common,GSK3A
CASPASE3,56.8004398770214,0.364549270258872,2.00885631558663,bimodal_high-entropy_common,CASP3
S6_pS240S244,56.2876131641865,0.508517681716197,3.2458471649131,bimodal_high-entropy_common,RPS6KB1
HISTONEH3,52.4016770761235,0.703208705921744,2.18205045068452,bimodal_high-entropy_common,HIST1H3A
P27_pT157,51.5586353385829,0.187664842990338,1.9393538721672,bimodal_high-entropy_rare-down,CDKN1B
H2AX_pS139,51.5033445279647,0.801695049356566,2.09580582087569,bimodal_high-entropy_rare-up,H2AFX
TRAF1,51.4738789790768,0.804315281046373,0,bimodal_low-entropy,TRAF1
RET_pY905,51.0197673358611,0.744660406861718,0.650022421648354,bimodal_low-entropy,RET
ARAF,50.827475191188,0.150203355939244,2.15563906222957,bimodal_high-entropy_rare-down,ARAF
PRDX1,50.7172618130038,0.950366105266649,0.91829583405449,bimodal_low-entropy,PRDX1
INPP4B,50.4977899100702,0.724441597311964,2.79075773311424,bimodal_high-entropy_common,INPP4B
CHK1_pS296,49.837124262272,0.532238300478652,1.96530597025489,bimodal_high-entropy_common,CHEK1
MSH6,48.6570512827782,0.209360797335753,2.66577691461351,bimodal_high-entropy_rare-down,MSH6
TAZ,48.6089536516978,0.215759076732714,2.60371306943434,bimodal_high-entropy_rare-down,TAZ
ETS1,48.2433154633229,0.920721321761999,1.91829583405449,bimodal_high-entropy_rare-up,ETS1
BCL2A1,47.668082504228,0.763742356248048,2.48289466877451,bimodal_high-entropy_rare-up,BCL2A1
FASN,44.998890077298,0.72712397386842,2.90326894946219,bimodal_high-entropy_common,FASN
SHC_pY317,44.2149535030817,0.778088192797821,3.03794667672856,bimodal_high-entropy_rare-up,SHC1
PKM2,43.5257049401442,0.461705850962737,3.04756855176725,bimodal_high-entropy_common,PKM
P21,43.284443337221,0.585265139812317,3.3992547617714,bimodal_high-entropy_common,CDKN1A
PCADHERIN,43.1697787050644,0.385307567360211,2.41238753844531,bimodal_high-entropy_common,CDH3
RAB11,42.0289364925126,0.933548899401904,1.87996494872711,bimodal_high-entropy_rare-up,RAB11A
IRS1,41.4225486701669,0.454539901296092,3.21203493337738,bimodal_high-entropy_common,IRS1
IRF1,41.0456850097308,0.932242082409629,0.650022421648354,bimodal_low-entropy,IRF1
CHROMOGRANINANTERM,41.0041380237439,0.788301704620622,1.11744159217304,bimodal_low-entropy,CHGA
ACVRL1,40.9736377272604,0.784703565676604,3.2430190302454,bimodal_high-entropy_rare-up,ACVRL1
MME,39.6681989592636,0.519914295256929,1.6253785496438,bimodal_high-entropy_common,MME
CASPASE8,39.5168709537826,0.97887550177713,2.32192809488736,bimodal_high-entropy_rare-up,CASP8
SNF5,38.973823305258,0.00935564666091358,0,bimodal_low-entropy,SMARCB1
BAX,38.0569899027378,0.14090794696183,3,bimodal_high-entropy_rare-down,BAX
HER3,37.4061022800158,0.261674240998995,2.98912967421482,bimodal_high-entropy_common,ERBB3
HLAE,37.1341914674826,0.377019499871547,1.84097456398755,bimodal_high-entropy_common,HLA-E
MACC1,36.7027670038187,0.367010199238089,0.920182970310932,bimodal_low-entropy,MACC1
CD20,35.8319734929036,0.904774879408184,0.76420450650862,bimodal_low-entropy,MS4A1
SMAD4,35.1894550931394,0.827044264551577,2.64696330132242,bimodal_high-entropy_rare-up,SMAD4
CASPASE3CLEAVED,34.4474523439177,0.818764189561958,0,bimodal_low-entropy,CASP3
PDL1,33.6633607570382,0.415952300533443,1.01622781106473,bimodal_low-entropy,CD274
ATM_pS1981,33.5156058257369,0.556105632642557,3.37421895268878,bimodal_high-entropy_common,ATM
SRC_pY527,33.4347250511194,0.384737376779868,2.71246165999251,bimodal_high-entropy_common,SRC
ID2,33.0183447835086,0.647444690980159,1.11827516077098,bimodal_low-entropy,ID2
TUBERIN_pT1462,32.6514790404676,0.423925766101889,3.27327203136938,bimodal_high-entropy_common,TSC2
MCL1,32.2891235307748,0.641275814598043,2.21904609404678,bimodal_high-entropy_common,MCL1
GCN5L2,30.7578256829563,0.280238056976717,2.68596793403569,bimodal_high-entropy_common,KAT2A
CONNEXIN43,30.6951339843037,0.401266475613278,1.18973191682073,bimodal_low-entropy,GJA1
X4EBP1_pS65,30.3806374000767,0.739328359429391,3.03800461452397,bimodal_high-entropy_common,EIF4EBP1
CHK1_pS345,28.6228990997412,0.412508243860348,3.35034738286194,bimodal_high-entropy_common,CHEK1
CRAF,27.5436794811459,0.978897791502478,0,bimodal_low-entropy,RAF1
MYOSINIIA,26.2294370680747,0.198832481849166,1,bimodal_low-entropy,MYH9
CYTOKERATIN8,25.9627626911271,0.316104637377472,1,bimodal_low-entropy,KRT8
P38MAPK,25.6853975992315,0.838151947761447,2.07586929669773,bimodal_high-entropy_rare-up,MAPK14
BAP1C4,25.5161112454128,0.0299655506151912,0.91829583405449,bimodal_low-entropy,BAP1
FOXO3A_pS318S321,25.426318411729,0.92540805253726,2.23127025460758,bimodal_high-entropy_rare-up,FOXO3
PLCGAMMA2_pY759,23.9386859626366,0.957309163620712,0,bimodal_low-entropy,PLCG2
NRAS,23.4461108648053,0.693867005778219,3.25569669332195,bimodal_high-entropy_common,NRAS
X1433SIGMA,23.1075200291056,0.778378899517838,0.426228656998145,bimodal_low-entropy,NA
CD274,22.4431914954125,0.31375684210563,0.971158096127504,bimodal_low-entropy,CD274
RICTOR,20.7342411870459,0.0455459949074927,0.811278124459133,bimodal_low-entropy,RICTOR
ID3,18.9238791235178,0.396985517706245,0,bimodal_low-entropy,ID3
VEGFR2,18.921052275376,0.499780602906311,2.72967880942886,bimodal_high-entropy_common,NA
CDK1,18.8060588449499,0.866282060103143,1.85855521187031,bimodal_high-entropy_rare-up,NA
CD55,18.7403713075358,0.693056291904338,0.91829583405449,bimodal_low-entropy,CD55
COUPTFII,18.71425780285,0.347685246808543,0.353359335021421,bimodal_low-entropy,NR2F2
RB,18.5578299958053,0.781913922046869,1.65617483043997,bimodal_high-entropy_rare-up,RB1
SDHA,18.4389777511395,0.873124942861174,0.91829583405449,bimodal_low-entropy,SDHA
ACC1,18.0711302229938,0.178017969342736,2.3502090290999,bimodal_high-entropy_rare-down,ACACA
ATM,17.7068950218666,0.819078231497711,2.18923825580303,bimodal_high-entropy_rare-up,ATM
BRCA2,17.6109879079247,0.648083594375611,2.68164218775233,bimodal_high-entropy_common,BRCA2
NEUROPILIN1,17.1709300256708,0.580914462376321,0.954434002924965,bimodal_low-entropy,NRP1
ELK1_pS383,17.0657973164406,0.283705471084803,2.04860373021337,bimodal_high-entropy_common,ELK1
ATP5A,16.9546272753253,0.68216649083875,1.5487949406954,bimodal_high-entropy_common,ATP5A1
LAT,16.8314576221766,0.777023693723521,0.985228136034252,bimodal_low-entropy,LAT
PAR,16.6601142126898,0.475471332558388,1.24194603220605,bimodal_low-entropy,F2R
ER,16.3819534123961,0.779340065032246,1.81918551109327,bimodal_high-entropy_rare-up,ESR1
CD38,16.3156273266443,0.56619778541691,0.91829583405449,bimodal_low-entropy,CD38
CXCR4,16.149131956447,0.654727752437748,0.503258334775646,bimodal_low-entropy,CXCR4
CYCLINE2,15.9082476417033,0.932548895172342,0.811278124459133,bimodal_low-entropy,CCNE2
SF2,15.5325652281888,0.905290287730564,2.5917932260775,bimodal_high-entropy_rare-up,SRSF1
YB1_pS102,15.236202651564,0.856533009581578,2.35353394857748,bimodal_high-entropy_rare-up,YBX1
IRF4,15.0424677639477,0.769718484174913,0,bimodal_low-entropy,IRF4
P38_pT180Y182,14.7046425502415,0.350913406774524,3.34203649366184,bimodal_high-entropy_common,MAPK14
H2AX_pS140,14.693957584363,0.915718785089556,0.91829583405449,bimodal_low-entropy,H2AFX
ERCC1,14.356310188967,0.935027351341541,1.7527152789797,bimodal_high-entropy_rare-up,ERCC1
BECLIN,14.1134129584954,0.942636479026912,1.58496250072116,bimodal_high-entropy_rare-up,BECN1
ADAR1,13.9359255088901,0.666046812642598,2.55446875050393,bimodal_high-entropy_common,ADAR
CYCLINB1,13.0228145433773,0.277600565840806,3.17035284937776,bimodal_high-entropy_common,CCNB1
MYH11,12.9996304063465,0.975508765138871,0.811278124459133,bimodal_low-entropy,MYH11
X4EBP1_pT70,12.8739783943408,0.617239161148675,2.49307311432994,bimodal_high-entropy_common,EIF4EBP1
PKCALPHA,12.7416647011942,0.453432629691962,3.11308181802637,bimodal_high-entropy_common,PRKCA
PLCGAMMA2,12.292519843524,0.233075466777206,0,bimodal_low-entropy,PLCG1
SOD2,12.1172940730321,0.673354764466411,1.37878349348618,bimodal_low-entropy,SOD2
SURVIVIN,12.0861970475444,0.79109397816134,0,bimodal_low-entropy,BIRC5
XBP1,11.3964161996285,0.298946556045014,1.84530848935751,bimodal_high-entropy_common,XBP1
CO86,10.665489491722,0.598913422370334,0.468995593589281,bimodal_low-entropy,NA
S6,10.2498106530304,0.143181830162775,1.90563906222957,bimodal_high-entropy_rare-down,RPS6KB1
UBAC1,10.1526029616721,0.378351131588671,3.1418153639871,bimodal_high-entropy_common,UBAC1
CYCLINA,10.0517823135853,0.116116362127848,0,bimodal_low-entropy,CCNA1
JNK2,9.89530315946877,0.701906798619533,2.72627545420024,bimodal_high-entropy_common,MAPK9
PLK1,9.88676503612686,0.314649100495342,2.23589960852973,bimodal_high-entropy_common,PLK1
EPHA2_pT594,9.79061579761964,0.906946358706083,2.13393756609492,bimodal_high-entropy_rare-up,EPHA2
HISTONEH3_pS10,9.5963113614681,0.597865411915137,0.619382194678764,bimodal_low-entropy,HIST1H3A
CJUN,9.58711787349971,0.711754783000948,1.18670434591002,bimodal_low-entropy,JUN
ATR,9.5625043096062,0.00449440613105836,0,bimodal_low-entropy,ATR
FRA1,8.99621720694992,0.42326568941491,1.50996861263682,bimodal_high-entropy_common,FOSL1
GAB2,8.92183480335643,0.141521965232668,2.5819993580201,bimodal_high-entropy_rare-down,GAB2
BCL6,8.69157101184162,0.786599436447543,0,bimodal_low-entropy,BCL6
STAT5A,8.47677191166173,0.945895578411483,0,bimodal_low-entropy,STAT5A
CDK1_pY15,7.88325354364082,0.545126889955676,1.37183001337118,bimodal_low-entropy,CDK1
BID,7.82214702889172,0.339265779216324,2.903959443323,bimodal_high-entropy_common,BID
MDM2_pS166,7.55649438272573,0.633767042277596,3.01335851571456,bimodal_high-entropy_common,MDM2
IGFRB,7.55516536612754,0.977881043031748,1.58496250072116,bimodal_high-entropy_rare-up,FCGR1B
X1433ZETA,6.60701427957889,0.0529659033324371,0.91829583405449,bimodal_low-entropy,YWHAZ
CD11,6.42289365130929,0.476803610888255,0,bimodal_low-entropy,ITGAL
FOXM1,6.35720743355967,0.345015082120316,3.11606046944388,bimodal_high-entropy_common,FOXM1
GYS,6.24422614772084,0.00893299706973088,0,bimodal_low-entropy,GYS1
HIF1ALPHA,5.96654987291902,0.186412531045119,1.75,bimodal_high-entropy_rare-down,HIF1A
THYMIDILATESYNTHASE,5.66341543973391,0.668908418327728,0.985228136034252,bimodal_low-entropy,TYMS
PAX5,5.6460562121573,0.325428097133367,0,bimodal_low-entropy,PAX5
FAS,5.31010607991738,0.931915916808353,0,bimodal_low-entropy,FAS
PLCGAMMA1_pY783,5.25078390117804,0.867039457651223,1,bimodal_low-entropy,PLCG1
CD19,5.25026455432945,0.809855162612898,0,bimodal_low-entropy,CD19
LKB1,5.10943790136088,0.759007492353633,2.28383220434749,bimodal_high-entropy_rare-up,STK11
XRCC1,4.63642650652693,0.0670100687790346,1,bimodal_low-entropy,XRCC1
ENY2,4.4351234786991,0.337033531118316,1.5,bimodal_high-entropy_common,ENY2
ARAF_pS299,4.14112709482276,0.873423157259952,2.19968779473133,bimodal_high-entropy_rare-up,ARAF
HSP27_pS82,4.13453840791894,0.355892816737644,0.721928094887362,bimodal_low-entropy,HSPB1
XIAP,3.77386835249032,0.948951810617189,0,bimodal_low-entropy,XIAP
GLUTAMINASE,3.65779173110994,0.79171523328653,0.91829583405449,bimodal_low-entropy,GLS
ANNEXINVII,3.400234919913,0.160519835600175,0,bimodal_low-entropy,ANXA7
HISTONEH2AX_pS139,3.34050696186284,0.453566175409646,0.391243563629256,bimodal_low-entropy,H2AFX
BRN2,3.00852082702303,0.307624482440485,0.91829583405449,bimodal_low-entropy,POU3F2
BRAF_pS445,2.78945774592285,0.997050068860189,0,bimodal_low-entropy,BRAF
X4EBP1_pT37T46,2.29774901821747,0.619765085024895,3.27708207478789,bimodal_high-entropy_common,EIF4EBP1
RB_pS807S811,2.20711025304126,0.752327048642844,0,bimodal_low-entropy,RB1
PKCALPHA_pS657,2.20634412548452,0.6223808154566,3.12894308173168,bimodal_high-entropy_common,PRKCA
HSP27,2.02423684889033,0.830062879073122,2.39613347245322,bimodal_high-entropy_rare-up,HSPB1
DMK9HISTONEH3,1.96369908081701,0.92108250416441,0,non-bimodal,H3F3A
EGR1,1.82795408673731,0.0643256990459609,0,non-bimodal,EGR1
NOTCH1,1.71354155350718,0.83244993096062,3.01057093426848,non-bimodal,NOTCH1
P90RSK_pS221,1.65495594147346,0.16112802869532,0.91829583405449,non-bimodal,RPS6KA1
RHEB,1.5342859145523,0.733293421754765,1.81127812445913,non-bimodal,RHEB
CMYC_pT58,1.49523919048222,0.915907203978939,0.91829583405449,non-bimodal,MYC
SGK,1.19897279011391,0.91972292248115,0,non-bimodal,SGK1
PUMA,1.08814447592657,0.704729847900847,1.66449777920046,non-bimodal,BBC3
CREB,0.92617379580318,0.0790173753329906,0.91829583405449,non-bimodal,CREB3
CYTOKERATIN17,0.842886440512672,0.117972485704449,0,non-bimodal,KRT17
FAK_pY397,0.816346927322684,0.696417977678178,3.36849314186473,non-bimodal,PTK2
CD44,0.787085886557477,0.345842129119802,1.86382639009082,non-bimodal,CD44
AMPK_pT172,0.435784495871985,0.313910725406147,3.03901799357526,non-bimodal,TP53
LDHA,0.350364080209431,0.89644907172947,1.58496250072116,non-bimodal,LDHA
CHK1,0.148877553873064,0.0485324732312023,1.57889790298748,non-bimodal,CHEK1
CD29,-0.0707102326925622,0.629537860459238,3.23434566503344,non-bimodal,ITGB1
RAPTOR,-0.118838408889758,0.635960020204397,2.88381337944412,non-bimodal,RPTOR
CKIT_pY703,-0.214580979055313,0.427848935042735,0,non-bimodal,KIT
TIF1ALPHA,-0.303352276756609,0.882041802037619,0,non-bimodal,TRIM24
SYK_pY323,-0.639373736870862,0.618856261171721,0.985228136034252,non-bimodal,SYK
COXIV,-0.773484123446906,0.409623580936908,3.37425549266053,non-bimodal,COX4I1
CASEINKINASE,-0.88873386223942,0.345234790261484,1.18872187554087,non-bimodal,CSNK1G1
ARID1A,-1.00453558377069,0.305362562882198,1.89185217288393,non-bimodal,ARID1A
TCF4,-1.04734796871049,0.657935036201584,0.530406077830604,non-bimodal,TCF4
ZNF342,-1.25124542785402,0.689672214970717,0.954434002924965,non-bimodal,ZNF296
BCRYSTALLIN,-1.25332369961059,0.428845652221665,0.803071727324102,non-bimodal,CRYAB
CASPASE9CLEAVED,-1.33233282249726,0.96977041298441,0,non-bimodal,CASP9
BETACATENIN_pS33S37T41,-1.38308445754848,0.454960361647218,0.865856617457224,non-bimodal,CTNNB1
GATA6,-1.43892707085774,0.137400411085796,0.921928094887362,non-bimodal,GATA6
MRE11,-1.49962292926068,0.446668670746206,1.80588537785428,non-bimodal,MRE11
ER_pS167,-1.67083182647032,0.787493598462956,1.5437519544205,non-bimodal,ESR1
X4EBP1,-1.88880596974536,0.502465859329267,3.37380262669757,non-bimodal,EIF4EBP1
DNMT1,-2.12981596472406,0.542354296272789,0.391243563629256,non-bimodal,DNMT1
GSK3ALPHABETA_pS21S9,-2.20338970066678,0.0134219885666799,1.52192809488736,non-bimodal,GSK3A
RAD51,-2.22842343709715,0.9276231500736,0,non-bimodal,RAD51
MDM2,-2.28610269691778,0.698805744622457,1,non-bimodal,MDM2
CYTOKERATIN18,-2.4269711302996,0.517449199454898,0.816689088315021,non-bimodal,KRT18
NAPSINA,-2.59037998395377,0.920302096402284,1.14883485428092,non-bimodal,NAPSA
SLC1A5,-2.71858897059367,0.0977699491058459,0,non-bimodal,SLC1A5
X53BP1,-2.73236005314902,0.00994233712654512,0,non-bimodal,TP53BP1
COFILIN_pS3,-2.78999401909198,0.904407005136559,0,non-bimodal,CFL1
HEXOKINASEII,-2.86779666070403,0.851824126102939,0.91829583405449,non-bimodal,HK2
CYTOKERATIN19,-3.05383269692018,0.139074081141092,1.5487949406954,non-bimodal,KRT19
RPA32,-3.27749243398162,0.933463099076309,0,non-bimodal,RPA2
GATA2,-3.28238219839822,0.861853664486721,0.721928094887362,non-bimodal,GATA2
LKB1_pS428,-3.31524807906897,0.100783320503328,1.02705826660079,non-bimodal,STK11
SYK_pY525Y526,-3.34466039922011,0.654759962976732,0.881290899230693,non-bimodal,SYK
PI3KP110ALPHA,-3.54420533490446,0.778194295910562,3.01925091283883,non-bimodal,PIK3CA
EEF2K,-3.62419215073578,0.787309043873603,2.20969097282319,non-bimodal,EEF2K
ETV6,-3.63291665502298,0.12777208272018,0.979023172457017,non-bimodal,ETV6
PYK2_pY402,-3.68928689746206,0.667930285513457,0.650022421648354,non-bimodal,PTK2B
JUNB,-3.72150493809211,0.761949864245204,0,non-bimodal,NA
CABL_pT735,-3.88257344711637,0.89627583335753,1,non-bimodal,ABL1
MEK2,-4.12113510166554,0.907008959762841,2.25451489946537,non-bimodal,MAP2K2
BLNK_pY84,-4.32457322108714,0.67502514369478,0,non-bimodal,BLNK
P27KIP1,-4.40336327014329,0.166825638104537,1.5,non-bimodal,CDKN1B
TELOMERASE,-4.66511315899766,0.370631849822624,1.73814933319287,non-bimodal,TERT
P90RSK_pT573,-4.67542030663721,0.366081940669888,1.85656476213095,non-bimodal,RPS6KA3
KU80,-4.73847526446141,0.0958986789357259,1.44661666762821,non-bimodal,XRCC5
DETYROSINATEDALPHATUBULIN,-4.74598342997364,0.783709447873487,1.92192809488736,non-bimodal,TUBA1A
ERG123,-4.78102820999932,0.426210927702193,0.29747224891929,non-bimodal,ERG
P38ALPHA,-4.86084694209273,0.486357416612478,1.72249456783063,non-bimodal,MAPK14
SPIB,-4.89330914104688,0.0403357469392762,0,non-bimodal,SPIB
EIG121,-4.89424481037724,0.535997768058076,0.985228136034252,non-bimodal,KIAA1324
MIF,-4.9038233510595,0.974121066630045,0,non-bimodal,MIF
MGMT,-5.02558325847974,0.963579212940985,0,non-bimodal,MGMT
PARP1,-5.07944615478391,0.0163670097042203,1.58496250072116,non-bimodal,PARP1
BLIMP1,-5.26904650414775,0.641030558315548,0.993392729010363,non-bimodal,PRDM1
EGR2,-5.45223601797156,0.0818304091462859,0.91829583405449,non-bimodal,EGR2
ERK2,-5.50279490497508,0.869099554831809,2,non-bimodal,MAPK1
CASEINKINASEIALPHA,-5.50696440173842,0.0614854986754025,0.91829583405449,non-bimodal,NA
CASK,-5.59486712233706,0.347855259411519,0,non-bimodal,CASK
CYCLOPHILINF,-5.65421369629087,0.990123892249516,0,non-bimodal,PPIF
BETACATENIN_pS33,-5.65542699706915,0.19479212501797,0.91829583405449,non-bimodal,CTNNB1
ROCK1,-5.79724973782891,0.961727720182785,0,non-bimodal,ROCK1
P90RSK,-5.88357852864294,0.260134223686919,2.32112747333719,non-bimodal,RPS6KA3
TFAM,-6.00745501920557,0.285652376539981,0.811278124459133,non-bimodal,TFAM
LAT_pY191,-6.01494131321212,0.820000893761492,0,non-bimodal,LAT
XPF,-6.04155212022827,0.155279609773639,1,non-bimodal,ERCC4
HYDIN,-6.155228359,0.470423838977718,1.9211796919475,non-bimodal,HYDIN
BLNK_pY96,-6.18164086304213,0.959418097442639,1,non-bimodal,BLNK
DMHISTONEH3,-6.2058372545407,0.395811239207496,2.0095419864446,non-bimodal,H3F3A
PLCGAMMA1,-6.23060508505573,0.0732596296085825,0,non-bimodal,PLCG1
TSC1,-6.26894813647118,0.902076873088479,3.1199965768509,non-bimodal,TSC1
SMAD6,-6.39924662803429,0.469386679710203,0.668564443199596,non-bimodal,SMAD6
NRF2,-6.68640414444808,0.108176268063432,0.970950594454669,non-bimodal,NFE2L2
CREL,-6.68641858606864,0.125916101669851,0.996118213778296,non-bimodal,REL
STAT1_pY701,-6.71164015902617,0.0976146006158965,0,non-bimodal,STAT1
BRAF,-6.73799371850828,0.257014281371984,0,non-bimodal,BRAF
PAX2,-6.84394498036898,0.926002019631927,1.5437519544205,non-bimodal,PAX2
P62LCKLIGAND,-7.04430707999973,0.222313886603773,0,non-bimodal,SQSTM1
BRD4,-7.06761169350642,0.198806889873706,1.99902983169619,non-bimodal,BRD4
ALPHACATENIN,-7.20252294258745,0.8096632370996,1.5,non-bimodal,CTNNA1
YB1,-7.25299236062642,0.96219649611202,0,non-bimodal,YBX1
SMAC,-7.26956693447198,0.791234520608367,2.5492553971685,non-bimodal,DIABLO
ATRIP,-7.33500968763628,0.415340875000437,0.650022421648354,non-bimodal,ATRIP
AKT,-7.41116591988225,0.859262640383579,0,non-bimodal,AKT1
ENOS_pS1177,-7.54742546749769,0.0976396250981629,0.91829583405449,non-bimodal,NOS3
P70S6K_pS371,-7.62639336402523,0.8362298912453,1.55665670746282,non-bimodal,RPS6KB1
KI67,-7.6271444639699,0.15053911991839,0.91829583405449,non-bimodal,MKI67
EGFR_pY992,-7.83649662639116,0.899609423842657,0.970950594454669,non-bimodal,EGFR
COMT,-7.85633525181782,0.324062690857457,1.67982290715563,non-bimodal,COMT
JAK1,-7.87588872926424,0.84802448445347,1,non-bimodal,JAK1
ATP5H,-7.88628102185531,0.684053315165141,2.95345650400256,non-bimodal,ATP5H
EZRIN_pY353,-7.91474727145871,0.908022731926104,1.12347259948999,non-bimodal,EZR
PKCDELTA_pT507,-7.91944868657878,0.952957134902249,0,non-bimodal,PRKCD
BLNK,-7.92237974633532,0.386066117293183,0,non-bimodal,BLNK
KEAP1,-7.94816368222098,0.931729963458334,0,non-bimodal,KEAP1
CLIP115,-8.07710035549163,0.361207911294748,0.684038435639042,non-bimodal,CLIP2
GYS_pS641,-8.08213784451323,0.385820455182004,3.37887344126335,non-bimodal,GYS1
STAT6_pY641,-8.13815768691873,0.904883027593502,0,non-bimodal,STAT6
PLCGAMMA2_pY1217,-8.21270708172173,0.38221255832229,0.371232326640876,non-bimodal,PLCG1
DNMT3A,-8.28549866790916,0.902297974272139,0.91829583405449,non-bimodal,DNMT3A
SMAD3_pS423,-8.3144129729388,0.519666176362034,1.36096404744368,non-bimodal,SMAD3
PLK1_pT210,-8.43056833156064,0.650111660316233,1.03892059503159,non-bimodal,PLK1
SYK_pY352,-8.43737655368957,0.916729973458959,0,non-bimodal,SYK
ACETYLATUBULINLYS40,-8.44795084682869,0.0523132241448708,1.90563906222957,non-bimodal,TUBA1A
PI3KP110B,-8.61219902740312,0.156487701883743,1.5,non-bimodal,PI3KCB
EIF4G1_pS1108,-8.66289826966727,0.831632204803196,1,non-bimodal,EIF4G1
MMP2,-8.66714489235925,0.897833029617248,0,non-bimodal,MMP2
XPA,-8.73799713290957,0.244353075248559,1.97247023014539,non-bimodal,XPA
CRM1,-8.778430794646,0.454587150373706,3.1599044293938,non-bimodal,XPO1
NDUFB4,-8.95238831560112,0.969999975951356,0,non-bimodal,NDUFB4
ALPHATUBULIN,-9.05038809358274,0.35948017621669,0.954434002924965,non-bimodal,SIRT2
P90RSK_pT359S363,-9.0613792695346,0.955313323178001,1.75,non-bimodal,RPS6KA3
AMPKALPHA,-9.08859640214359,0.990678201278645,0,non-bimodal,PRKAA2
STAT3,-9.09065138983931,0.116159634641061,0,non-bimodal,STAT3
CABL,-9.17703815864088,0.984743798825546,0.811278124459133,non-bimodal,ABL1
DNATOPOISOMERASE2BETA,-9.21807198151958,0.14604819478709,0.591672778582327,non-bimodal,TOP2B
VASP,-9.2444653069586,0.83353679835946,1.14883485428092,non-bimodal,VASP
BRCA1,-9.25574794101731,0.89740653444047,1,non-bimodal,BRCA1
CHK2,-9.3185041024276,0.25572352196935,0,non-bimodal,CHEK2
NUR77,-9.38896281544964,0.935427417339679,0,non-bimodal,NR4A1
AIB1,-9.4546831566158,0.475311662272713,1.37527936553938,non-bimodal,NCOA3
RSK,-9.59329319952839,0.68916013041618,1.5,non-bimodal,RPS6KA1
DNATOPOISOMERASE2ALPHA,-9.67418363127284,0.897795384530428,0,non-bimodal,TOP2A
COFILIN,-9.6894149905441,0.887352124012425,0.811278124459133,non-bimodal,CFL1
TAU,-9.69465947301521,0.815668202751921,0,non-bimodal,MAPT
SGK_pS78,-9.72175756008647,0.274979931366656,0.91829583405449,non-bimodal,SGK1
PRAS40,-9.87616210610623,0.562621425848746,1.98949087192651,non-bimodal,MTOR
STAT5_pY694,-9.9484670728956,0.925688158048337,1.58496250072116,non-bimodal,STAT5A
AURORAB,-9.98140535636168,0.938136981404142,0,non-bimodal,AURKB
MT1F,-10.0766276730735,0.567684358935795,1.34858789601242,non-bimodal,MT1F
CYCLINE4,-10.2612978112604,0.0591438250908547,0,non-bimodal,CDK4
FAK_pY925,-10.2755234693498,0.327995481795539,1.02145546561167,non-bimodal,PTK2
CASPASE9,-10.3806602066032,0.290845334235951,1.18973191682073,non-bimodal,CASP9
IRS1_pS307,-10.4499584022165,0.116591925155207,1.37878349348618,non-bimodal,IRS1
COMPLEXIISUBUNIT,-10.4771952131073,0.216982218652022,2.25,non-bimodal,NA
PDK1_pS241,-10.5056871559901,0.688397563075933,2.88646059749022,non-bimodal,PDPK1
CMYC_pT58S62,-10.8076204785438,0.0455306550448403,0,non-bimodal,MYC
CDK4,-10.810403506991,0.0778255755882824,0,non-bimodal,CDK4
CULLIN2,-10.9459961782766,0.918994091417299,0,non-bimodal,CUL2
PORIN,-10.9480235386856,0.985346404423837,0,non-bimodal,VDAC1
PLK4,-10.9510725320917,0.556229639128377,1.09579525500093,non-bimodal,PLK4
GPR82,-10.9981376178078,0.491065429916203,0.946372935985442,non-bimodal,GPR82
PDCD4,-11.2014699830961,0.994852480545102,0,non-bimodal,PDCD4
P63,-11.4779471177876,0.825540050526946,0.721928094887362,non-bimodal,TP63
ASNS,-11.520646448398,0.0916703198066439,0,non-bimodal,ASNS
PYGM,-11.5390683201469,0.950954245292558,0.91829583405449,non-bimodal,PYGM
SHP2_pY542,-11.6148256572521,0.982658408832476,0.811278124459133,non-bimodal,PTPN11
SRC,-11.7137837936982,0.771258669586507,0,non-bimodal,SRC
JAK2,-11.754442212702,0.106933491114821,0,non-bimodal,JAK2
MERLIN,-12.2420420039791,0.066524669936354,0,non-bimodal,NF2
MTOR_pS2448,-12.3076848723573,0.0230160964970959,0,non-bimodal,MTOR
HER3_pY1289,-12.342970423086,0.990627701734763,1,non-bimodal,ERBB3
PARPAB3,-12.4538962841225,0.96116311174712,0,non-bimodal,PARP1
HIAP,-12.4670730821502,0.313501254335402,1.84237099317711,non-bimodal,BIRC3
TAZ_pS79,-12.5766514049095,0.0626409229124561,0.91829583405449,non-bimodal,TAZ
CTLA4,-12.6329764285715,0.609038888196654,1.02836492329548,non-bimodal,CTLA4
MITOCHONDRIA,-12.7296073381449,0.528664871569912,1.55109817100726,non-bimodal,NA
DVL3,-12.8248838028959,0.0879397888880952,0,non-bimodal,DVL3
BAD_pS112,-12.8361772786375,0.239966533866467,0,non-bimodal,BAD
NFKBP65_pS536,-13.6212502735127,0.834359032676853,0,non-bimodal,RELA
EZH2,-13.8490777407307,0.928277388760877,0,non-bimodal,EZH2
ERCC5,-14.6545863267467,0.342666439650016,0,non-bimodal,ERCC5
GAPDH,-14.9259041319576,0.739191409676178,2.12192809488736,non-bimodal,GAPDH
TYRO3,-15.2361644173794,0.924974477710914,1,non-bimodal,TYRO3
PRAS40_pT246,-15.2483580454191,0.953117708932889,0.91829583405449,non-bimodal,NA
ATR_pS428,-15.6610481730263,0.379525940558166,0,non-bimodal,ATR
COG3,-15.7962225428433,0.363407807086362,0,non-bimodal,COG3
GSK3_pS9,-16.9522121983809,0.4362281336761,3.39552854132544,non-bimodal,GSK3B
ACC_pS79,-17.0698361632485,0.37174511513242,2.8960017002358,non-bimodal,ACACA
CMYC,-17.8607255528755,0.992671643266646,0,non-bimodal,MYC
PKCPANBETAII_pS660,-18.6387496490163,0.61797091802098,3.26555742330847,non-bimodal,PRKCB
BCLXL,-19.2081364257945,0.944217533842604,0,non-bimodal,BCL2L1
BACTIN,NA,NA,0,non-bimodal,ACTB
IGFBP5,NA,NA,0,non-bimodal,IGFBP5
VIMENTIN,NA,NA,0,non-bimodal,VIM
EIF2A_pS51,NA,NA,0,non-bimodal,EIF2AK2
PDCD5,NA,NA,0,non-bimodal,PDCD5
GAB2_pY452,NA,NA,0,non-bimodal,GAB2
